DATE,FILE,REVISION,FCOVER,RMSE,PR
2016-01-10,/Volumes/JLTD/Sentinel/FCOVER/C0093628/FCOVER300_201601100000_GLOBE_PROBAV_V1.0.1/c_gls_FCOVER300_201601100000_GLOBE_PROBAV_V1.0.1.nc,9,0.5560689739552624,0.0747413822803004,0.9987684729064039
2016-01-20,/Volumes/JLTD/Sentinel/FCOVER/C0093628/FCOVER300_201601200000_GLOBE_PROBAV_V1.0.1/c_gls_FCOVER300_201601200000_GLOBE_PROBAV_V1.0.1.nc,9,0.5464680112641433,0.07660098616125549,1.0
2016-01-31,/Volumes/JLTD/Sentinel/FCOVER/C0093628/FCOVER300_201601310000_GLOBE_PROBAV_V1.0.1/c_gls_FCOVER300_201601310000_GLOBE_PROBAV_V1.0.1.nc,9,0.6178817749023438,0.08016256510917777,1.0
2016-02-10,/Volumes/JLTD/Sentinel/FCOVER/C0093628/FCOVER300_201602100000_GLOBE_PROBAV_V1.0.1/c_gls_FCOVER300_201602100000_GLOBE_PROBAV_V1.0.1.nc,9,0.6688966046413177,0.07958128417066752,1.0
2016-02-20,/Volumes/JLTD/Sentinel/FCOVER/C0093628/FCOVER300_201602200000_GLOBE_PROBAV_V1.0.1/c_gls_FCOVER300_201602200000_GLOBE_PROBAV_V1.0.1.nc,9,0.6116798288129234,0.0813694563992505,1.0
2016-02-29,/Volumes/JLTD/Sentinel/FCOVER/C0093628/FCOVER300_201602290000_GLOBE_PROBAV_V1.0.1/c_gls_FCOVER300_201602290000_GLOBE_PROBAV_V1.0.1.nc,9,0.5677783383524476,0.08644335140735646,1.0
2016-03-10,/Volumes/JLTD/Sentinel/FCOVER/C0093628/FCOVER300_201603100000_GLOBE_PROBAV_V1.0.1/c_gls_FCOVER300_201603100000_GLOBE_PROBAV_V1.0.1.nc,9,0.5487143229968442,0.09126108855449508,0.9963054187192119
2016-03-20,/Volumes/JLTD/Sentinel/FCOVER/C0093628/FCOVER300_201603200000_GLOBE_PROBAV_V1.0.1/c_gls_FCOVER300_201603200000_GLOBE_PROBAV_V1.0.1.nc,9,0.5521428902160945,0.09548768856255292,1.0
2016-03-31,/Volumes/JLTD/Sentinel/FCOVER/C0093628/FCOVER300_201603310000_GLOBE_PROBAV_V1.0.1/c_gls_FCOVER300_201603310000_GLOBE_PROBAV_V1.0.1.nc,9,0.5553054433738069,0.09024630391539024,1.0
2016-04-10,/Volumes/JLTD/Sentinel/FCOVER/C0093628/FCOVER300_201604100000_GLOBE_PROBAV_V1.0.1/c_gls_FCOVER300_201604100000_GLOBE_PROBAV_V1.0.1.nc,9,0.5124926261713939,0.09194581731786869,1.0
2016-04-20,/Volumes/JLTD/Sentinel/FCOVER/C0093628/FCOVER300_201604200000_GLOBE_PROBAV_V1.0.1/c_gls_FCOVER300_201604200000_GLOBE_PROBAV_V1.0.1.nc,9,0.4380098916039678,0.09025123671357854,0.9938423645320197
2016-04-30,/Volumes/JLTD/Sentinel/FCOVER/C0093628/FCOVER300_201604300000_GLOBE_PROBAV_V1.0.1/c_gls_FCOVER300_201604300000_GLOBE_PROBAV_V1.0.1.nc,9,0.3520542013234106,0.07934976211322352,0.9950738916256158
2016-05-10,/Volumes/JLTD/Sentinel/FCOVER/C0093628/FCOVER300_201605100000_GLOBE_PROBAV_V1.0.1/c_gls_FCOVER300_201605100000_GLOBE_PROBAV_V1.0.1.nc,9,0.28101480418238145,0.06659114067190386,0.9950738916256158
2016-05-20,/Volumes/JLTD/Sentinel/FCOVER/C0093628/FCOVER300_201605200000_GLOBE_PROBAV_V1.0.1/c_gls_FCOVER300_201605200000_GLOBE_PROBAV_V1.0.1.nc,9,0.23547291873123846,0.05765517474395301,0.9987684729064039
2016-05-31,/Volumes/JLTD/Sentinel/FCOVER/C0093628/FCOVER300_201605310000_GLOBE_PROBAV_V1.0.1/c_gls_FCOVER300_201605310000_GLOBE_PROBAV_V1.0.1.nc,9,0.20057144540871305,0.04947291219175743,0.9963054187192119
2016-06-10,/Volumes/JLTD/Sentinel/FCOVER/C0093628/FCOVER300_201606100000_GLOBE_PROBAV_V1.0.1/c_gls_FCOVER300_201606100000_GLOBE_PROBAV_V1.0.1.nc,9,0.1741675015153556,0.04377340213418594,0.9950738916256158
2016-06-20,/Volumes/JLTD/Sentinel/FCOVER/C0093628/FCOVER300_201606200000_GLOBE_PROBAV_V1.0.1/c_gls_FCOVER300_201606200000_GLOBE_PROBAV_V1.0.1.nc,9,0.1455271020898678,0.036699506449581955,0.9963054187192119
2016-06-30,/Volumes/JLTD/Sentinel/FCOVER/C0093628/FCOVER300_201606300000_GLOBE_PROBAV_V1.0.1/c_gls_FCOVER300_201606300000_GLOBE_PROBAV_V1.0.1.nc,9,0.12640887293322334,0.03453202083193023,0.9950738916256158
2016-07-10,/Volumes/JLTD/Sentinel/FCOVER/C0093628/FCOVER300_201607100000_GLOBE_PROBAV_V1.0.1/c_gls_FCOVER300_201607100000_GLOBE_PROBAV_V1.0.1.nc,9,0.11612316187966633,0.032000001428162526,0.9938423645320197
2016-07-20,/Volumes/JLTD/Sentinel/FCOVER/C0093628/FCOVER300_201607200000_GLOBE_PROBAV_V1.0.1/c_gls_FCOVER300_201607200000_GLOBE_PROBAV_V1.0.1.nc,9,0.10128079494232027,0.028103450248981345,0.9987684729064039
2016-07-31,/Volumes/JLTD/Sentinel/FCOVER/C0093628/FCOVER300_201607310000_GLOBE_PROBAV_V1.0.1/c_gls_FCOVER300_201607310000_GLOBE_PROBAV_V1.0.1.nc,9,0.08852217350100061,0.024788177659358885,0.9963054187192119
2016-08-10,/Volumes/JLTD/Sentinel/FCOVER/C0093628/FCOVER300_201608100000_GLOBE_PROBAV_V1.0.1/c_gls_FCOVER300_201608100000_GLOBE_PROBAV_V1.0.1.nc,9,0.08628571796887026,0.022266012107210208,0.9926108374384236
2016-08-20,/Volumes/JLTD/Sentinel/FCOVER/C0093628/FCOVER300_201608200000_GLOBE_PROBAV_V1.0.1/c_gls_FCOVER300_201608200000_GLOBE_PROBAV_V1.0.1.nc,9,0.08439901192200008,0.021167487346480045,0.9876847290640394
2016-08-31,/Volumes/JLTD/Sentinel/FCOVER/C0093628/FCOVER300_201608310000_GLOBE_PROBAV_V1.0.2/c_gls_FCOVER300_201608310000_GLOBE_PROBAV_V1.0.2.nc,9,0.0813546861921038,0.0203743850069093,0.9963054187192119
2016-09-10,/Volumes/JLTD/Sentinel/FCOVER/C0093628/FCOVER300_201609100000_GLOBE_PROBAV_V1.0.1/c_gls_FCOVER300_201609100000_GLOBE_PROBAV_V1.0.1.nc,9,0.0769901463550887,0.01724630623615434,1.0
2016-09-20,/Volumes/JLTD/Sentinel/FCOVER/C0093628/FCOVER300_201609200000_GLOBE_PROBAV_V1.0.1/c_gls_FCOVER300_201609200000_GLOBE_PROBAV_V1.0.1.nc,9,0.07269458113045528,0.014965517767544451,0.9987684729064039
2016-09-30,/Volumes/JLTD/Sentinel/FCOVER/C0093628/FCOVER300_201609300000_GLOBE_PROBAV_V1.0.1/c_gls_FCOVER300_201609300000_GLOBE_PROBAV_V1.0.1.nc,9,0.07160591257029567,0.015123153554982153,1.0
2016-10-10,/Volumes/JLTD/Sentinel/FCOVER/C0093628/FCOVER300_201610100000_GLOBE_PROBAV_V1.0.1/c_gls_FCOVER300_201610100000_GLOBE_PROBAV_V1.0.1.nc,9,0.06845321091525074,0.01629064118333638,0.9963054187192119
2016-10-20,/Volumes/JLTD/Sentinel/FCOVER/C0093628/FCOVER300_201610200000_GLOBE_PROBAV_V1.0.1/c_gls_FCOVER300_201610200000_GLOBE_PROBAV_V1.0.1.nc,9,0.0706453229406197,0.016561576298304966,0.9901477832512315
2016-10-31,/Volumes/JLTD/Sentinel/FCOVER/C0093628/FCOVER300_201610310000_GLOBE_PROBAV_V1.0.1/c_gls_FCOVER300_201610310000_GLOBE_PROBAV_V1.0.1.nc,9,0.07886699620138836,0.01866009904833263,1.0
2016-11-10,/Volumes/JLTD/Sentinel/FCOVER/C0093628/FCOVER300_201611100000_GLOBE_PROBAV_V1.0.1/c_gls_FCOVER300_201611100000_GLOBE_PROBAV_V1.0.1.nc,9,0.07485714334572477,0.03496551983462179,1.0
2016-11-20,/Volumes/JLTD/Sentinel/FCOVER/C0093628/FCOVER300_201611200000_GLOBE_PROBAV_V1.0.1/c_gls_FCOVER300_201611200000_GLOBE_PROBAV_V1.0.1.nc,9,0.09686207888748845,0.050970443951085284,1.0
2016-11-30,/Volumes/JLTD/Sentinel/FCOVER/C0093628/FCOVER300_201611300000_GLOBE_PROBAV_V1.0.1/c_gls_FCOVER300_201611300000_GLOBE_PROBAV_V1.0.1.nc,9,0.16406404091219598,0.06186207174667584,0.9975369458128078
2016-12-10,/Volumes/JLTD/Sentinel/FCOVER/C0093628/FCOVER300_201612100000_GLOBE_PROBAV_V1.0.1/c_gls_FCOVER300_201612100000_GLOBE_PROBAV_V1.0.1.nc,9,0.3310739301108374,0.10313793238747883,1.0
2016-12-20,/Volumes/JLTD/Sentinel/FCOVER/C0093628/FCOVER300_201612200000_GLOBE_PROBAV_V1.0.1/c_gls_FCOVER300_201612200000_GLOBE_PROBAV_V1.0.1.nc,9,0.4222561690607682,0.10680295446236145,0.9630541871921182
2016-12-31,/Volumes/JLTD/Sentinel/FCOVER/C0093628/FCOVER300_201612310000_GLOBE_PROBAV_V1.0.1/c_gls_FCOVER300_201612310000_GLOBE_PROBAV_V1.0.1.nc,9,0.5397290760660406,0.10945321068975139,0.9692118226600985
2017-01-10,/Volumes/JLTD/Sentinel/FCOVER/C0093628/FCOVER300_201701100000_GLOBE_PROBAV_V1.0.1/c_gls_FCOVER300_201701100000_GLOBE_PROBAV_V1.0.1.nc,9,0.6172709723411522,0.11002955883007332,0.958128078817734
2017-01-20,/Volumes/JLTD/Sentinel/FCOVER/C0093628/FCOVER300_201701200000_GLOBE_PROBAV_V1.0.1/c_gls_FCOVER300_201701200000_GLOBE_PROBAV_V1.0.1.nc,9,0.6935812663562192,0.10846798525655212,1.0
2017-01-31,/Volumes/JLTD/Sentinel/FCOVER/C0093628/FCOVER300_201701310000_GLOBE_PROBAV_V1.0.1/c_gls_FCOVER300_201701310000_GLOBE_PROBAV_V1.0.1.nc,9,0.7038916977755542,0.11896060135564193,0.9987684729064039
2017-02-10,/Volumes/JLTD/Sentinel/FCOVER/C0093628/FCOVER300_201702100000_GLOBE_PROBAV_V1.0.1/c_gls_FCOVER300_201702100000_GLOBE_PROBAV_V1.0.1.nc,9,0.6749753153382851,0.12014779903618573,1.0
2017-02-20,/Volumes/JLTD/Sentinel/FCOVER/C0093628/FCOVER300_201702200000_GLOBE_PROBAV_V1.0.1/c_gls_FCOVER300_201702200000_GLOBE_PROBAV_V1.0.1.nc,9,0.6569409299953818,0.11963548331425108,0.9913793103448276
2017-02-28,/Volumes/JLTD/Sentinel/FCOVER/C0093628/FCOVER300_201702280000_GLOBE_PROBAV_V1.0.1/c_gls_FCOVER300_201702280000_GLOBE_PROBAV_V1.0.1.nc,9,0.6323005413186962,0.11716256353068234,0.9913793103448276
2017-03-10,/Volumes/JLTD/Sentinel/FCOVER/C0093628/FCOVER300_201703100000_GLOBE_PROBAV_V1.0.1/c_gls_FCOVER300_201703100000_GLOBE_PROBAV_V1.0.1.nc,9,0.6100295494342672,0.1177339976644281,0.8263546798029556
2017-03-20,/Volumes/JLTD/Sentinel/FCOVER/C0093628/FCOVER300_201703200000_GLOBE_PROBAV_V1.0.1/c_gls_FCOVER300_201703200000_GLOBE_PROBAV_V1.0.1.nc,9,0.5808423798659752,0.11316256217768626,0.9248768472906403
2017-03-31,/Volumes/JLTD/Sentinel/FCOVER/C0093628/FCOVER300_201703310000_GLOBE_PROBAV_V1.0.1/c_gls_FCOVER300_201703310000_GLOBE_PROBAV_V1.0.1.nc,9,0.5266256473334552,0.1085517206802744,0.9963054187192119
2017-04-10,/Volumes/JLTD/Sentinel/FCOVER/C0093628/FCOVER300_201704100000_GLOBE_PROBAV_V1.0.1/c_gls_FCOVER300_201704100000_GLOBE_PROBAV_V1.0.1.nc,9,0.4807044719827586,0.10403941300114974,1.0
2017-04-20,/Volumes/JLTD/Sentinel/FCOVER/C0093628/FCOVER300_201704200000_GLOBE_PROBAV_V1.0.1/c_gls_FCOVER300_201704200000_GLOBE_PROBAV_V1.0.1.nc,9,0.42794085723425956,0.09606404609868092,0.9975369458128078
2017-04-30,/Volumes/JLTD/Sentinel/FCOVER/C0093628/FCOVER300_201704300000_GLOBE_PROBAV_V1.0.1/c_gls_FCOVER300_201704300000_GLOBE_PROBAV_V1.0.1.nc,9,0.36833499100407946,0.08423153167874942,0.9913793103448276
2017-05-10,/Volumes/JLTD/Sentinel/FCOVER/C0093628/FCOVER300_201705100000_GLOBE_PROBAV_V1.0.1/c_gls_FCOVER300_201705100000_GLOBE_PROBAV_V1.0.1.nc,9,0.30375370720924416,0.07407389485777305,0.9938423645320197
2017-05-20,/Volumes/JLTD/Sentinel/FCOVER/C0093628/FCOVER300_201705200000_GLOBE_PROBAV_V1.0.1/c_gls_FCOVER300_201705200000_GLOBE_PROBAV_V1.0.1.nc,9,0.24704434249201432,0.058315277099609375,0.9975369458128078
2017-05-31,/Volumes/JLTD/Sentinel/FCOVER/C0093628/FCOVER300_201705310000_GLOBE_PROBAV_V1.0.1/c_gls_FCOVER300_201705310000_GLOBE_PROBAV_V1.0.1.nc,9,0.203571432329751,0.041669953632824525,0.9901477832512315
2017-06-10,/Volumes/JLTD/Sentinel/FCOVER/C0093628/FCOVER300_201706100000_GLOBE_PROBAV_V1.0.1/c_gls_FCOVER300_201706100000_GLOBE_PROBAV_V1.0.1.nc,9,0.17238423389754273,0.033640396418829856,0.9938423645320197
2017-06-20,/Volumes/JLTD/Sentinel/FCOVER/C0093628/FCOVER300_201706200000_GLOBE_PROBAV_V1.0.1/c_gls_FCOVER300_201706200000_GLOBE_PROBAV_V1.0.1.nc,9,0.14831527935460284,0.02966995427173934,0.9741379310344828
2017-06-30,/Volumes/JLTD/Sentinel/FCOVER/C0093628/FCOVER300_201706300000_GLOBE_PROBAV_V1.0.1/c_gls_FCOVER300_201706300000_GLOBE_PROBAV_V1.0.1.nc,9,0.13057143112708783,0.027330050914745614,0.9827586206896551
2017-07-10,/Volumes/JLTD/Sentinel/FCOVER/C0093628/FCOVER300_201707100000_GLOBE_PROBAV_V1.0.1/c_gls_FCOVER300_201707100000_GLOBE_PROBAV_V1.0.1.nc,9,0.1175467956242303,0.025403941206156914,0.9593596059113301
2017-07-20,/Volumes/JLTD/Sentinel/FCOVER/C0093628/FCOVER300_201707200000_GLOBE_PROBAV_V1.0.1/c_gls_FCOVER300_201707200000_GLOBE_PROBAV_V1.0.1.nc,9,0.10815764178196198,0.022088670965485974,0.9913793103448276
2017-07-31,/Volumes/JLTD/Sentinel/FCOVER/C0093628/FCOVER300_201707310000_GLOBE_PROBAV_V1.0.1/c_gls_FCOVER300_201707310000_GLOBE_PROBAV_V1.0.1.nc,9,0.1014088691749009,0.018906404232156688,0.9926108374384236
2017-08-10,/Volumes/JLTD/Sentinel/FCOVER/C0093628/FCOVER300_201708100000_GLOBE_PROBAV_V1.0.1/c_gls_FCOVER300_201708100000_GLOBE_PROBAV_V1.0.1.nc,9,0.09787684473498114,0.017931034999527955,0.9926108374384236
2017-08-20,/Volumes/JLTD/Sentinel/FCOVER/C0093628/FCOVER300_201708200000_GLOBE_PROBAV_V1.0.1/c_gls_FCOVER300_201708200000_GLOBE_PROBAV_V1.0.1.nc,9,0.0952857163152084,0.0182463053999276,0.9963054187192119
2017-08-31,/Volumes/JLTD/Sentinel/FCOVER/C0093628/FCOVER300_201708310000_GLOBE_PROBAV_V1.0.1/c_gls_FCOVER300_201708310000_GLOBE_PROBAV_V1.0.1.nc,9,0.09339409626176205,0.01931034520341845,0.9963054187192119
2017-09-10,/Volumes/JLTD/Sentinel/FCOVER/C0093628/FCOVER300_201709100000_GLOBE_PROBAV_V1.0.1/c_gls_FCOVER300_201709100000_GLOBE_PROBAV_V1.0.1.nc,9,0.08750246545951355,0.019532019281622223,0.9901477832512315
2017-09-20,/Volumes/JLTD/Sentinel/FCOVER/C0093628/FCOVER300_201709200000_GLOBE_PROBAV_V1.0.1/c_gls_FCOVER300_201709200000_GLOBE_PROBAV_V1.0.1.nc,9,0.08414778685922106,0.019211823129888825,1.0
2017-09-30,/Volumes/JLTD/Sentinel/FCOVER/C0093628/FCOVER300_201709300000_GLOBE_PROBAV_V1.0.1/c_gls_FCOVER300_201709300000_GLOBE_PROBAV_V1.0.1.nc,9,0.08241379084845482,0.018610838011567817,1.0
2017-10-10,/Volumes/JLTD/Sentinel/FCOVER/C0093628/FCOVER300_201710100000_GLOBE_PROBAV_V1.0.1/c_gls_FCOVER300_201710100000_GLOBE_PROBAV_V1.0.1.nc,9,0.08242857984721368,0.018551725472135495,0.9987684729064039
2017-10-20,/Volumes/JLTD/Sentinel/FCOVER/C0093628/FCOVER300_201710200000_GLOBE_PROBAV_V1.0.1/c_gls_FCOVER300_201710200000_GLOBE_PROBAV_V1.0.1.nc,9,0.07570936644605815,0.02928571513133683,1.0
2017-10-31,/Volumes/JLTD/Sentinel/FCOVER/C0093628/FCOVER300_201710310000_GLOBE_PROBAV_V1.0.1/c_gls_FCOVER300_201710310000_GLOBE_PROBAV_V1.0.1.nc,9,0.09470936817488647,0.03930049576782828,0.9975369458128078
2017-11-10,/Volumes/JLTD/Sentinel/FCOVER/C0093628/FCOVER300_201711100000_GLOBE_PROBAV_V1.0.1/c_gls_FCOVER300_201711100000_GLOBE_PROBAV_V1.0.1.nc,9,0.19686699853154827,0.07303941191123624,1.0
2017-11-20,/Volumes/JLTD/Sentinel/FCOVER/C0093628/FCOVER300_201711200000_GLOBE_PROBAV_V1.0.1/c_gls_FCOVER300_201711200000_GLOBE_PROBAV_V1.0.1.nc,9,0.28246307373046875,0.08002955807840882,0.9987684729064039
2017-11-30,/Volumes/JLTD/Sentinel/FCOVER/C0093628/FCOVER300_201711300000_GLOBE_PROBAV_V1.0.1/c_gls_FCOVER300_201711300000_GLOBE_PROBAV_V1.0.1.nc,9,0.360364566295605,0.08375369856510256,0.9987684729064039
2017-12-10,/Volumes/JLTD/Sentinel/FCOVER/C0093628/FCOVER300_201712100000_GLOBE_PROBAV_V1.0.1/c_gls_FCOVER300_201712100000_GLOBE_PROBAV_V1.0.1.nc,9,0.4288866766567888,0.08658620524288986,0.9987684729064039
2017-12-20,/Volumes/JLTD/Sentinel/FCOVER/C0093628/FCOVER300_201712200000_GLOBE_PROBAV_V1.0.1/c_gls_FCOVER300_201712200000_GLOBE_PROBAV_V1.0.1.nc,9,0.4648177799920143,0.09075861963732489,0.9926108374384236
2017-12-31,/Volumes/JLTD/Sentinel/FCOVER/C0093628/FCOVER300_201712310000_GLOBE_PROBAV_V1.0.1/c_gls_FCOVER300_201712310000_GLOBE_PROBAV_V1.0.1.nc,9,0.4562118605439886,0.10529064310008082,1.0
2018-01-10,/Volumes/JLTD/Sentinel/FCOVER/C0093628/FCOVER300_201801100000_GLOBE_PROBAV_V1.0.1/c_gls_FCOVER300_201801100000_GLOBE_PROBAV_V1.0.1.nc,9,0.44940396012931033,0.10368473071770128,0.9987684729064039
2018-01-20,/Volumes/JLTD/Sentinel/FCOVER/C0093628/FCOVER300_201801200000_GLOBE_PROBAV_V1.0.1/c_gls_FCOVER300_201801200000_GLOBE_PROBAV_V1.0.1.nc,9,0.4603645813288947,0.10713793374047491,0.9987684729064039
2018-01-31,/Volumes/JLTD/Sentinel/FCOVER/C0093628/FCOVER300_201801310000_GLOBE_PROBAV_V1.0.1/c_gls_FCOVER300_201801310000_GLOBE_PROBAV_V1.0.1.nc,9,0.4769605815116995,0.11323152739426186,0.9667487684729064
2018-02-10,/Volumes/JLTD/Sentinel/FCOVER/C0093628/FCOVER300_201802100000_GLOBE_PROBAV_V1.0.1/c_gls_FCOVER300_201802100000_GLOBE_PROBAV_V1.0.1.nc,9,0.5040689853611838,0.11738423878336188,1.0
2018-02-20,/Volumes/JLTD/Sentinel/FCOVER/C0093628/FCOVER300_201802200000_GLOBE_PROBAV_V1.0.1/c_gls_FCOVER300_201802200000_GLOBE_PROBAV_V1.0.1.nc,9,0.5375222267188462,0.12404926657089459,0.9963054187192119
2018-02-28,/Volumes/JLTD/Sentinel/FCOVER/C0093628/FCOVER300_201802280000_GLOBE_PROBAV_V1.0.1/c_gls_FCOVER300_201802280000_GLOBE_PROBAV_V1.0.1.nc,9,0.5525862219298414,0.12041872710429977,1.0
2018-03-10,/Volumes/JLTD/Sentinel/FCOVER/C0093628/FCOVER300_201803100000_GLOBE_PROBAV_V1.0.1/c_gls_FCOVER300_201803100000_GLOBE_PROBAV_V1.0.1.nc,9,0.5676601015288254,0.11443842808014067,0.9950738916256158
2018-03-20,/Volumes/JLTD/Sentinel/FCOVER/C0093628/FCOVER300_201803200000_GLOBE_PROBAV_V1.0.1/c_gls_FCOVER300_201803200000_GLOBE_PROBAV_V1.0.1.nc,9,0.5618670233364763,0.1098325193809171,0.9975369458128078
2018-03-31,/Volumes/JLTD/Sentinel/FCOVER/C0093628/FCOVER300_201803310000_GLOBE_PROBAV_V1.0.1/c_gls_FCOVER300_201803310000_GLOBE_PROBAV_V1.0.1.nc,9,0.5340837751116071,0.10585222103325605,0.9852216748768473
2018-04-10,/Volumes/JLTD/Sentinel/FCOVER/C0093628/FCOVER300_201804100000_GLOBE_PROBAV_V1.0.1/c_gls_FCOVER300_201804100000_GLOBE_PROBAV_V1.0.1.nc,9,0.4867044458248345,0.10178818726187269,0.9827586206896551
2018-04-20,/Volumes/JLTD/Sentinel/FCOVER/C0093628/FCOVER300_201804200000_GLOBE_PROBAV_V1.0.1/c_gls_FCOVER300_201804200000_GLOBE_PROBAV_V1.0.1.nc,9,0.43879312599821046,0.09518719189272726,0.979064039408867
2018-04-30,/Volumes/JLTD/Sentinel/FCOVER/C0093628/FCOVER300_201804300000_GLOBE_PROBAV_V1.0.1/c_gls_FCOVER300_201804300000_GLOBE_PROBAV_V1.0.1.nc,9,0.38736454254300723,0.08018226811451278,0.979064039408867
2018-05-10,/Volumes/JLTD/Sentinel/FCOVER/C0093628/FCOVER300_201805100000_GLOBE_PROBAV_V1.0.1/c_gls_FCOVER300_201805100000_GLOBE_PROBAV_V1.0.1.nc,9,0.3361970497469597,0.0637044389846877,0.9766009852216748
2018-05-20,/Volumes/JLTD/Sentinel/FCOVER/C0093628/FCOVER300_201805200000_GLOBE_PROBAV_V1.0.1/c_gls_FCOVER300_201805200000_GLOBE_PROBAV_V1.0.1.nc,9,0.2832463269163235,0.05251231921717451,0.9864532019704434
2018-05-31,/Volumes/JLTD/Sentinel/FCOVER/C0093628/FCOVER300_201805310000_GLOBE_PROBAV_V1.0.1/c_gls_FCOVER300_201805310000_GLOBE_PROBAV_V1.0.1.nc,9,0.23269457887546183,0.043305420523206586,0.9876847290640394
2018-06-10,/Volumes/JLTD/Sentinel/FCOVER/C0093628/FCOVER300_201806100000_GLOBE_PROBAV_V1.0.1/c_gls_FCOVER300_201806100000_GLOBE_PROBAV_V1.0.1.nc,9,0.1954876754084244,0.033926108787799704,0.9913793103448276
2018-06-20,/Volumes/JLTD/Sentinel/FCOVER/C0093628/FCOVER300_201806200000_GLOBE_PROBAV_V1.0.1/c_gls_FCOVER300_201806200000_GLOBE_PROBAV_V1.0.1.nc,9,0.1661724222117457,0.0315517251714697,0.9975369458128078
2018-06-30,/Volumes/JLTD/Sentinel/FCOVER/C0093628/FCOVER300_201806300000_GLOBE_PROBAV_V1.0.1/c_gls_FCOVER300_201806300000_GLOBE_PROBAV_V1.0.1.nc,9,0.14397044252292276,0.030369457940162697,0.9987684729064039
2018-07-10,/Volumes/JLTD/Sentinel/FCOVER/C0093628/FCOVER300_201807100000_GLOBE_PROBAV_V1.0.1/c_gls_FCOVER300_201807100000_GLOBE_PROBAV_V1.0.1.nc,9,0.12859607564991918,0.028527095400053878,0.9950738916256158
2018-07-20,/Volumes/JLTD/Sentinel/FCOVER/C0093628/FCOVER300_201807200000_GLOBE_PROBAV_V1.0.1/c_gls_FCOVER300_201807200000_GLOBE_PROBAV_V1.0.1.nc,9,0.1140886785948805,0.027113299064448315,0.9975369458128078
2018-07-31,/Volumes/JLTD/Sentinel/FCOVER/C0093628/FCOVER300_201807310000_GLOBE_PROBAV_V1.0.1/c_gls_FCOVER300_201807310000_GLOBE_PROBAV_V1.0.1.nc,9,0.1013596163594664,0.023059112097829435,0.9975369458128078
2018-08-10,/Volumes/JLTD/Sentinel/FCOVER/C0093628/FCOVER300_201808100000_GLOBE_PROBAV_V1.0.1/c_gls_FCOVER300_201808100000_GLOBE_PROBAV_V1.0.1.nc,9,0.09116749693020224,0.021241380663340904,1.0
2018-08-20,/Volumes/JLTD/Sentinel/FCOVER/C0093628/FCOVER300_201808200000_GLOBE_PROBAV_V1.0.1/c_gls_FCOVER300_201808200000_GLOBE_PROBAV_V1.0.1.nc,9,0.07779310724418152,0.019177340521601034,0.9987684729064039
2018-08-31,/Volumes/JLTD/Sentinel/FCOVER/C0093628/FCOVER300_201808310000_GLOBE_PROBAV_V1.0.1/c_gls_FCOVER300_201808310000_GLOBE_PROBAV_V1.0.1.nc,9,0.07198030255698218,0.01867980440261916,0.9987684729064039
2018-09-10,/Volumes/JLTD/Sentinel/FCOVER/C0093628/FCOVER300_201809100000_GLOBE_PROBAV_V1.0.1/c_gls_FCOVER300_201809100000_GLOBE_PROBAV_V1.0.1.nc,9,0.07201478046736694,0.01880295523281755,0.9987684729064039
2018-09-20,/Volumes/JLTD/Sentinel/FCOVER/C0093628/FCOVER300_201809200000_GLOBE_PROBAV_V1.0.1/c_gls_FCOVER300_201809200000_GLOBE_PROBAV_V1.0.1.nc,9,0.07534976076022745,0.018039409750200845,1.0
2018-09-30,/Volumes/JLTD/Sentinel/FCOVER/C0093628/FCOVER300_201809300000_GLOBE_PROBAV_V1.0.1/c_gls_FCOVER300_201809300000_GLOBE_PROBAV_V1.0.1.nc,9,0.08149261662525496,0.018305420288311437,0.9987684729064039
2018-10-10,/Volumes/JLTD/Sentinel/FCOVER/C0093628/FCOVER300_201810100000_GLOBE_PROBAV_V1.0.1/c_gls_FCOVER300_201810100000_GLOBE_PROBAV_V1.0.1.nc,9,0.08750246545951355,0.018305420288311437,0.9815270935960592
2018-10-20,/Volumes/JLTD/Sentinel/FCOVER/C0093628/FCOVER300_201810200000_GLOBE_PROBAV_V1.0.1/c_gls_FCOVER300_201810200000_GLOBE_PROBAV_V1.0.1.nc,9,0.07861576174280327,0.039029558303908175,0.9839901477832512
2018-10-31,/Volumes/JLTD/Sentinel/FCOVER/C0093628/FCOVER300_201810310000_GLOBE_PROBAV_V1.0.1/c_gls_FCOVER300_201810310000_GLOBE_PROBAV_V1.0.1.nc,9,0.06567980385766241,0.07809852261848638,0.9901477832512315
2018-11-10,/Volumes/JLTD/Sentinel/FCOVER/C0093628/FCOVER300_201811100000_GLOBE_PROBAV_V1.0.1/c_gls_FCOVER300_201811100000_GLOBE_PROBAV_V1.0.1.nc,9,0.1183054224023678,0.08497044605574584,0.9950738916256158
2018-11-20,/Volumes/JLTD/Sentinel/FCOVER/C0092953/FCOVER300_201811200000_GLOBE_PROBAV_V1.0.1/c_gls_FCOVER300_201811200000_GLOBE_PROBAV_V1.0.1.nc,9,0.1958423482960668,0.0963990159809883,0.9926108374384236
2018-11-30,/Volumes/JLTD/Sentinel/FCOVER/C0092953/FCOVER300_201811300000_GLOBE_PROBAV_V1.0.1/c_gls_FCOVER300_201811300000_GLOBE_PROBAV_V1.0.1.nc,9,0.2917438751371036,0.0982463066213824,0.9963054187192119
2018-12-10,/Volumes/JLTD/Sentinel/FCOVER/C0092953/FCOVER300_201812100000_GLOBE_PROBAV_V1.0.1/c_gls_FCOVER300_201812100000_GLOBE_PROBAV_V1.0.1.nc,9,0.43898032803840825,0.10854187387550993,1.0
2018-12-20,/Volumes/JLTD/Sentinel/FCOVER/C0092953/FCOVER300_201812200000_GLOBE_PROBAV_V1.0.1/c_gls_FCOVER300_201812200000_GLOBE_PROBAV_V1.0.1.nc,9,0.564901492865802,0.11198523009351909,1.0
2018-12-31,/Volumes/JLTD/Sentinel/FCOVER/C0092953/FCOVER300_201812310000_GLOBE_PROBAV_V1.0.1/c_gls_FCOVER300_201812310000_GLOBE_PROBAV_V1.0.1.nc,9,0.6679507852187885,0.12266995284357682,1.0
2019-01-10,/Volumes/JLTD/Sentinel/FCOVER/C0092953/FCOVER300_201901100000_GLOBE_PROBAV_V1.0.1/c_gls_FCOVER300_201901100000_GLOBE_PROBAV_V1.0.1.nc,9,0.7448226853544488,0.122596064224619,0.9975369458128078
2019-01-20,/Volumes/JLTD/Sentinel/FCOVER/C0092953/FCOVER300_201901200000_GLOBE_PROBAV_V1.0.1/c_gls_FCOVER300_201901200000_GLOBE_PROBAV_V1.0.1.nc,9,0.7701921885823969,0.1238029649104978,0.5307881773399015
2019-01-31,/Volumes/JLTD/Sentinel/FCOVER/C0092953/FCOVER300_201901310000_GLOBE_PROBAV_V1.0.1/c_gls_FCOVER300_201901310000_GLOBE_PROBAV_V1.0.1.nc,9,0.764034477947968,0.12527586086630235,1.0
2019-02-10,/Volumes/JLTD/Sentinel/FCOVER/C0092953/FCOVER300_201902100000_GLOBE_PROBAV_V1.0.1/c_gls_FCOVER300_201902100000_GLOBE_PROBAV_V1.0.1.nc,9,0.7147439289562808,0.1210886762647206,1.0
2019-02-20,/Volumes/JLTD/Sentinel/FCOVER/C0092953/FCOVER300_201902200000_GLOBE_PROBAV_V1.0.1/c_gls_FCOVER300_201902200000_GLOBE_PROBAV_V1.0.1.nc,9,0.6925763661051031,0.1201724160480969,1.0
2019-02-28,/Volumes/JLTD/Sentinel/FCOVER/C0092953/FCOVER300_201902280000_GLOBE_PROBAV_V1.0.1/c_gls_FCOVER300_201902280000_GLOBE_PROBAV_V1.0.1.nc,9,0.6754581846039871,0.11754188161765414,0.9987684729064039
2019-03-10,/Volumes/JLTD/Sentinel/FCOVER/C0092953/FCOVER300_201903100000_GLOBE_PROBAV_V1.0.1/c_gls_FCOVER300_201903100000_GLOBE_PROBAV_V1.0.1.nc,9,0.6345517012873306,0.11750738961356026,0.9987684729064039
2019-03-20,/Volumes/JLTD/Sentinel/FCOVER/C0092953/FCOVER300_201903200000_GLOBE_PROBAV_V1.0.1/c_gls_FCOVER300_201903200000_GLOBE_PROBAV_V1.0.1.nc,9,0.5913054743423838,0.1174039417886969,0.9630541871921182
2019-03-31,/Volumes/JLTD/Sentinel/FCOVER/C0092953/FCOVER300_201903310000_GLOBE_PROBAV_V1.0.1/c_gls_FCOVER300_201903310000_GLOBE_PROBAV_V1.0.1.nc,9,0.5350394413389009,0.11267980566165717,0.9470443349753694
2019-04-10,/Volumes/JLTD/Sentinel/FCOVER/C0092953/FCOVER300_201904100000_GLOBE_PROBAV_V1.0.1/c_gls_FCOVER300_201904100000_GLOBE_PROBAV_V1.0.1.nc,9,0.4806847032067811,0.10927094144774188,0.9667487684729064
2019-04-20,/Volumes/JLTD/Sentinel/FCOVER/C0092953/FCOVER300_201904200000_GLOBE_PROBAV_V1.0.1/c_gls_FCOVER300_201904200000_GLOBE_PROBAV_V1.0.1.nc,9,0.416970426813135,0.10488177520300955,0.9741379310344828
2019-04-30,/Volumes/JLTD/Sentinel/FCOVER/C0092953/FCOVER300_201904300000_GLOBE_PROBAV_V1.0.1/c_gls_FCOVER300_201904300000_GLOBE_PROBAV_V1.0.1.nc,9,0.34282267152382234,0.09364039792215882,0.9827586206896551
2019-05-10,/Volumes/JLTD/Sentinel/FCOVER/C0092953/FCOVER300_201905100000_GLOBE_PROBAV_V1.0.1/c_gls_FCOVER300_201905100000_GLOBE_PROBAV_V1.0.1.nc,9,0.28606405399115803,0.08730541661455127,0.9987684729064039
2019-05-20,/Volumes/JLTD/Sentinel/FCOVER/C0092953/FCOVER300_201905200000_GLOBE_PROBAV_V1.0.1/c_gls_FCOVER300_201905200000_GLOBE_PROBAV_V1.0.1.nc,9,0.23856158326999308,0.0628768469899746,0.9975369458128078
2019-05-31,/Volumes/JLTD/Sentinel/FCOVER/C0092953/FCOVER300_201905310000_GLOBE_PROBAV_V1.0.1/c_gls_FCOVER300_201905310000_GLOBE_PROBAV_V1.0.1.nc,9,0.1991576396773014,0.04301478005395147,0.9963054187192119
2019-06-10,/Volumes/JLTD/Sentinel/FCOVER/C0092953/FCOVER300_201906100000_GLOBE_PROBAV_V1.0.1/c_gls_FCOVER300_201906100000_GLOBE_PROBAV_V1.0.1.nc,9,0.1754285878148572,0.03584729039610313,0.9827586206896551
2019-06-20,/Volumes/JLTD/Sentinel/FCOVER/C0092953/FCOVER300_201906200000_GLOBE_PROBAV_V1.0.1/c_gls_FCOVER300_201906200000_GLOBE_PROBAV_V1.0.1.nc,9,0.15302464527449586,0.03457143154050329,0.9839901477832512
2019-06-30,/Volumes/JLTD/Sentinel/FCOVER/C0092953/FCOVER300_201906300000_GLOBE_PROBAV_V1.0.1/c_gls_FCOVER300_201906300000_GLOBE_PROBAV_V1.0.1.nc,9,0.1341034461712015,0.03017734189338872,0.9655172413793104
2019-07-10,/Volumes/JLTD/Sentinel/FCOVER/C0092953/FCOVER300_201907100000_GLOBE_PROBAV_V1.0.1/c_gls_FCOVER300_201907100000_GLOBE_PROBAV_V1.0.1.nc,9,0.1167980344424694,0.024029557928075932,0.9938423645320197
2019-07-20,/Volumes/JLTD/Sentinel/FCOVER/C0092953/FCOVER300_201907200000_GLOBE_PROBAV_V1.0.1/c_gls_FCOVER300_201907200000_GLOBE_PROBAV_V1.0.1.nc,9,0.10093104545706011,0.02069950573550069,0.9963054187192119
2019-07-31,/Volumes/JLTD/Sentinel/FCOVER/C0092953/FCOVER300_201907310000_GLOBE_PROBAV_V1.0.1/c_gls_FCOVER300_201907310000_GLOBE_PROBAV_V1.0.1.nc,9,0.08775862332048087,0.018305419113835677,0.9987684729064039
2019-08-10,/Volumes/JLTD/Sentinel/FCOVER/C0092953/FCOVER300_201908100000_GLOBE_PROBAV_V1.0.1/c_gls_FCOVER300_201908100000_GLOBE_PROBAV_V1.0.1.nc,9,0.08329064505440849,0.018719212762240707,0.9975369458128078
2019-08-20,/Volumes/JLTD/Sentinel/FCOVER/C0092953/FCOVER300_201908200000_GLOBE_PROBAV_V1.0.1/c_gls_FCOVER300_201908200000_GLOBE_PROBAV_V1.0.1.nc,9,0.08612808453038408,0.020709359587119718,0.9950738916256158
2019-08-31,/Volumes/JLTD/Sentinel/FCOVER/C0092953/FCOVER300_201908310000_GLOBE_PROBAV_V1.0.1/c_gls_FCOVER300_201908310000_GLOBE_PROBAV_V1.0.1.nc,9,0.08808374639802379,0.020123152897275728,1.0
2019-09-10,/Volumes/JLTD/Sentinel/FCOVER/C0092953/FCOVER300_201909100000_GLOBE_PROBAV_V1.0.1/c_gls_FCOVER300_201909100000_GLOBE_PROBAV_V1.0.1.nc,9,0.09050247117216365,0.02065024587321164,0.9987684729064039
2019-09-20,/Volumes/JLTD/Sentinel/FCOVER/C0092953/FCOVER300_201909200000_GLOBE_PROBAV_V1.0.1/c_gls_FCOVER300_201909200000_GLOBE_PROBAV_V1.0.1.nc,9,0.09319212401441752,0.0211280789868585,0.9963054187192119
2019-09-30,/Volumes/JLTD/Sentinel/FCOVER/C0092953/FCOVER300_201909300000_GLOBE_PROBAV_V1.0.1/c_gls_FCOVER300_201909300000_GLOBE_PROBAV_V1.0.1.nc,9,0.09554679757855795,0.020906403734178965,0.9975369458128078
2019-10-10,/Volumes/JLTD/Sentinel/FCOVER/C0092953/FCOVER300_201910100000_GLOBE_PROBAV_V1.0.1/c_gls_FCOVER300_201910100000_GLOBE_PROBAV_V1.0.1.nc,9,0.095374384537119,0.020630540518925107,1.0
2019-10-20,/Volumes/JLTD/Sentinel/FCOVER/C0092953/FCOVER300_201910200000_GLOBE_PROBAV_V1.0.1/c_gls_FCOVER300_201910200000_GLOBE_PROBAV_V1.0.1.nc,9,0.09190641130719866,0.029137933195518155,1.0
2019-10-31,/Volumes/JLTD/Sentinel/FCOVER/C0092953/FCOVER300_201910310000_GLOBE_PROBAV_V1.0.1/c_gls_FCOVER300_201910310000_GLOBE_PROBAV_V1.0.1.nc,9,0.09288177114402132,0.050911334935080245,1.0
2019-11-10,/Volumes/JLTD/Sentinel/FCOVER/C0092953/FCOVER300_201911100000_GLOBE_PROBAV_V1.0.1/c_gls_FCOVER300_201911100000_GLOBE_PROBAV_V1.0.1.nc,9,0.15544336065282963,0.07888177580434114,0.9987684729064039
2019-11-20,/Volumes/JLTD/Sentinel/FCOVER/C0092953/FCOVER300_201911200000_GLOBE_PROBAV_V1.0.1/c_gls_FCOVER300_201911200000_GLOBE_PROBAV_V1.0.1.nc,9,0.24086699462289293,0.09359605911330049,0.9975369458128078
2019-11-30,/Volumes/JLTD/Sentinel/FCOVER/C0092953/FCOVER300_201911300000_GLOBE_PROBAV_V1.0.1/c_gls_FCOVER300_201911300000_GLOBE_PROBAV_V1.0.1.nc,9,0.3246699741908482,0.09499015244357105,0.9889162561576355
2019-12-10,/Volumes/JLTD/Sentinel/FCOVER/C0092953/FCOVER300_201912100000_GLOBE_PROBAV_V1.0.1/c_gls_FCOVER300_201912100000_GLOBE_PROBAV_V1.0.1.nc,9,0.4414334978376116,0.10752216583402285,1.0
2019-12-20,/Volumes/JLTD/Sentinel/FCOVER/C0092953/FCOVER300_201912200000_GLOBE_PROBAV_V1.0.1/c_gls_FCOVER300_201912200000_GLOBE_PROBAV_V1.0.1.nc,9,0.5283399309430804,0.10988669559873383,1.0
2019-12-31,/Volumes/JLTD/Sentinel/FCOVER/C0092953/FCOVER300_201912310000_GLOBE_PROBAV_V1.0.1/c_gls_FCOVER300_201912310000_GLOBE_PROBAV_V1.0.1.nc,9,0.6128226594971906,0.11680789064303995,0.9987684729064039
2020-02-29,/Volumes/JLTD/Sentinel/FCOVER/C0092917/FCOVER300_202002290000_GLOBE_PROBAV_V1.0.1/c_gls_FCOVER300_202002290000_GLOBE_PROBAV_V1.0.1.nc,9,0.5576699919301301,0.10745320061744727,1.0
2020-03-10,/Volumes/JLTD/Sentinel/FCOVER/C0092917/FCOVER300_202003100000_GLOBE_PROBAV_V1.0.1/c_gls_FCOVER300_202003100000_GLOBE_PROBAV_V1.0.1.nc,9,0.5058325405778556,0.10120690632336245,0.9987684729064039
2020-03-20,/Volumes/JLTD/Sentinel/FCOVER/C0092917/FCOVER300_202003200000_GLOBE_PROBAV_V1.0.1/c_gls_FCOVER300_202003200000_GLOBE_PROBAV_V1.0.1.nc,9,0.45483744203163484,0.09660592102652113,0.9975369458128078
2020-03-31,/Volumes/JLTD/Sentinel/FCOVER/C0092917/FCOVER300_202003310000_GLOBE_PROBAV_V1.0.1/c_gls_FCOVER300_202003310000_GLOBE_PROBAV_V1.0.1.nc,9,0.38949754085446814,0.06790147978683998,0.9950738916256158
2020-04-10,/Volumes/JLTD/Sentinel/FCOVER/C0092917/FCOVER300_202004100000_GLOBE_PROBAV_V1.0.1/c_gls_FCOVER300_202004100000_GLOBE_PROBAV_V1.0.1.nc,9,0.3381675006133582,0.06458128379483528,0.9889162561576355
2020-04-20,/Volumes/JLTD/Sentinel/FCOVER/C0092917/FCOVER300_202004200000_GLOBE_PROBAV_V1.0.1/c_gls_FCOVER300_202004200000_GLOBE_PROBAV_V1.0.1.nc,9,0.2879064024375577,0.04309359677319456,0.9889162561576355
2020-04-30,/Volumes/JLTD/Sentinel/FCOVER/C0092917/FCOVER300_202004300000_GLOBE_PROBAV_V1.0.1/c_gls_FCOVER300_202004300000_GLOBE_PROBAV_V1.0.1.nc,9,0.24608375286233836,0.033866995073891626,0.9926108374384236
2020-05-10,/Volumes/JLTD/Sentinel/FCOVER/C0092917/FCOVER300_202005100000_GLOBE_PROBAV_V1.0.1/c_gls_FCOVER300_202005100000_GLOBE_PROBAV_V1.0.1.nc,9,0.21331035444889163,0.029187193057807207,0.9938423645320197
2020-07-10,/Volumes/JLTD/Sentinel/FCOVER/C0092917/FCOVER300_RT6_202007100000_GLOBE_OLCI_V1.1.1/c_gls_FCOVER300-RT6_202007100000_GLOBE_OLCI_V1.1.1.nc,6,0.126152715072256,0.03278324991611424,0.9802955665024631
2020-07-20,/Volumes/JLTD/Sentinel/FCOVER/C0092917/FCOVER300_RT6_202007200000_GLOBE_OLCI_V1.1.1/c_gls_FCOVER300-RT6_202007200000_GLOBE_OLCI_V1.1.1.nc,6,0.12465025051473984,0.03245320108723758,0.14285714285714285
2020-07-31,/Volumes/JLTD/Sentinel/FCOVER/C0092917/FCOVER300_RT6_202007310000_GLOBE_OLCI_V1.1.1/c_gls_FCOVER300-RT6_202007310000_GLOBE_OLCI_V1.1.1.nc,6,0.10962068153719597,0.02869458034120757,0.9975369458128078
2020-08-10,/Volumes/JLTD/Sentinel/FCOVER/C0092917/FCOVER300_RT6_202008100000_GLOBE_OLCI_V1.1.1/c_gls_FCOVER300-RT6_202008100000_GLOBE_OLCI_V1.1.1.nc,6,0.10277831730584205,0.024630541871921183,0.9987684729064039
2020-08-20,/Volumes/JLTD/Sentinel/FCOVER/C0092917/FCOVER300_RT6_202008200000_GLOBE_OLCI_V1.1.1/c_gls_FCOVER300-RT6_202008200000_GLOBE_OLCI_V1.1.1.nc,6,0.09459113135126423,0.022172413436062816,0.9667487684729064
2020-08-31,/Volumes/JLTD/Sentinel/FCOVER/C0092917/FCOVER300_RT6_202008310000_GLOBE_OLCI_V1.1.1/c_gls_FCOVER300-RT6_202008310000_GLOBE_OLCI_V1.1.1.nc,6,0.08864531493539293,0.020285714436047184,0.9704433497536946
2020-09-10,/Volumes/JLTD/Sentinel/FCOVER/C0092917/FCOVER300_RT6_202009100000_GLOBE_OLCI_V1.1.1/c_gls_FCOVER300-RT6_202009100000_GLOBE_OLCI_V1.1.1.nc,6,0.08372907215738531,0.019019704734163333,0.9975369458128078
2020-09-20,/Volumes/JLTD/Sentinel/FCOVER/C0092917/FCOVER300_RT6_202009200000_GLOBE_OLCI_V1.1.1/c_gls_FCOVER300-RT6_202009200000_GLOBE_OLCI_V1.1.1.nc,6,0.0806896604340652,0.017118227305670676,1.0
2020-09-30,/Volumes/JLTD/Sentinel/FCOVER/C0092917/FCOVER300_RT6_202009300000_GLOBE_OLCI_V1.1.1/c_gls_FCOVER300-RT6_202009300000_GLOBE_OLCI_V1.1.1.nc,6,0.0847290677977313,0.017610836498843038,0.9950738916256158
2020-10-10,/Volumes/JLTD/Sentinel/FCOVER/C0092917/FCOVER300_RT6_202010100000_GLOBE_OLCI_V1.1.1/c_gls_FCOVER300-RT6_202010100000_GLOBE_OLCI_V1.1.1.nc,6,0.09092610927638162,0.019285714097798164,0.9901477832512315
2020-10-20,/Volumes/JLTD/Sentinel/FCOVER/C0092917/FCOVER300_RT6_202010200000_GLOBE_OLCI_V1.1.1/c_gls_FCOVER300-RT6_202010200000_GLOBE_OLCI_V1.1.1.nc,6,0.09406896882456511,0.02220689604435061,1.0
2020-10-31,/Volumes/JLTD/Sentinel/FCOVER/C0092917/FCOVER300_RT6_202010310000_GLOBE_OLCI_V1.1.1/c_gls_FCOVER300-RT6_202010310000_GLOBE_OLCI_V1.1.1.nc,6,0.10552708855990706,0.02658128033717865,0.9987684729064039
2020-11-10,/Volumes/JLTD/Sentinel/FCOVER/C0092655/c_gls_FCOVER300-RT6_202011100000_GLOBE_OLCI_V1.1.1.nc,6,0.11344334644637084,0.03411330143219145,0.9975369458128078
2020-11-20,/Volumes/JLTD/Sentinel/FCOVER/C0092655/c_gls_FCOVER300-RT6_202011200000_GLOBE_OLCI_V1.1.1.nc,6,0.12722167592917757,0.18416747671042757,1.0
2020-11-30,/Volumes/JLTD/Sentinel/FCOVER/C0092655/c_gls_FCOVER300-RT6_202011300000_GLOBE_OLCI_V1.1.1.nc,6,0.19702956476822275,0.21120197314934192,0.6366995073891626
2020-12-10,/Volumes/JLTD/Sentinel/FCOVER/C0092655/c_gls_FCOVER300-RT6_202012100000_GLOBE_OLCI_V1.1.1.nc,6,0.33869456775082746,0.2213645333727005,0.895320197044335
2020-12-20,/Volumes/JLTD/Sentinel/FCOVER/C0094825/FCOVER300_RT6_202012200000_GLOBE_OLCI_V1.1.1/c_gls_FCOVER300-RT6_202012200000_GLOBE_OLCI_V1.1.1.nc,6,0.44146799923751157,0.24388178933430188,0.9445812807881774
2020-12-31,/Volumes/JLTD/Sentinel/FCOVER/C0096642/FCOVER300_RT6_202012310000_GLOBE_OLCI_V1.1.1/c_gls_FCOVER300-RT6_202012310000_GLOBE_OLCI_V1.1.1.nc,6,0.5112463288706511,0.2373251327740148,0.8201970443349754
2021-01-10,/Volumes/JLTD/Sentinel/FCOVER/C0096642/FCOVER300_RT6_202101100000_GLOBE_OLCI_V1.1.1/c_gls_FCOVER300-RT6_202101100000_GLOBE_OLCI_V1.1.1.nc,6,0.5599359596891357,0.20924138787931998,0.8805418719211823
2021-01-20,/Volumes/JLTD/Sentinel/FCOVER/C0096642/FCOVER300_RT6_202101200000_GLOBE_OLCI_V1.1.1/c_gls_FCOVER300-RT6_202101200000_GLOBE_OLCI_V1.1.1.nc,6,0.5770985645613647,0.17684729815703895,0.9618226600985221
2021-01-31,/Volumes/JLTD/Sentinel/FCOVER/C0096642/FCOVER300_RT6_202101310000_GLOBE_OLCI_V1.1.1/c_gls_FCOVER300-RT6_202101310000_GLOBE_OLCI_V1.1.1.nc,6,0.569290612131504,0.1217339896216181,0.9618226600985221
2021-02-10,/Volumes/JLTD/Sentinel/FCOVER/C0097323/FCOVER300_RT6_202102100000_GLOBE_OLCI_V1.1.1/c_gls_FCOVER300-RT6_202102100000_GLOBE_OLCI_V1.1.1.nc,6,0.5621083828028787,0.11219212574324584,0.9421182266009852
2021-02-20,/Volumes/JLTD/Sentinel/FCOVER/C0096642/FCOVER300_RT2_202102200000_GLOBE_OLCI_V1.1.1/c_gls_FCOVER300-RT2_202102200000_GLOBE_OLCI_V1.1.1.nc,2,0.5458867115340209,0.10852708487675108,0.8731527093596059
2021-02-28,/Volumes/JLTD/Sentinel/FCOVER/C0096642/FCOVER300_RT2_202102280000_GLOBE_OLCI_V1.1.1/c_gls_FCOVER300-RT2_202102280000_GLOBE_OLCI_V1.1.1.nc,2,0.5364827874846059,0.10800985514824027,0.3916256157635468
2021-03-10,/Volumes/JLTD/Sentinel/FCOVER/C0096642/FCOVER300_RT2_202103100000_GLOBE_OLCI_V1.1.1/c_gls_FCOVER300-RT2_202103100000_GLOBE_OLCI_V1.1.1.nc,2,0.5127635636353141,0.10428078186335822,0.9618226600985221
2021-03-20,/Volumes/JLTD/Sentinel/FCOVER/C0097323/FCOVER300_RT2_202103200000_GLOBE_OLCI_V1.1.1/c_gls_FCOVER300-RT2_202103200000_GLOBE_OLCI_V1.1.1.nc,2,0.5058916214064424,0.09928078487001617,0.9384236453201971
2021-03-31,/Volumes/JLTD/Sentinel/FCOVER/C0096642/FCOVER300_RT0_202103310000_GLOBE_OLCI_V1.1.1/c_gls_FCOVER300-RT0_202103310000_GLOBE_OLCI_V1.1.1.nc,0,0.4952167454611492,0.10270442868688423,0.5258620689655172
2021-04-10,/Volumes/JLTD/Sentinel/FCOVER/C0097323/FCOVER300_RT0_202104100000_GLOBE_OLCI_V1.1.1/c_gls_FCOVER300-RT0_202104100000_GLOBE_OLCI_V1.1.1.nc,0,0.485123131662754,0.10689162268427205,0.11206896551724138
